name,id,origin date,status,type,street,city,state,zip
"1ST COMMAND DOG TRAINING AND GROOMING, LLC",0743194,2003-03-18,Active,Domestic Limited Liability Company,18 SAN RICO DRIVE,MANCHESTER,CT,06040
1ST COMMAND DOG TRAINING & GROOMING,1016320,2010-09-24,Active,General Partnership,18 SANRICO DR.,MANCHESTER,CT,06040
"3 DOG DESIGN, LLC",0797730,2004-09-30,Active,Domestic Limited Liability Company,121 FERRIS HILL ROAD,NEW CANAAN,CT,06840
"3 DOGS PAINTING, LLC",1206514,2016-05-09,Active,Domestic Limited Liability Company,"781 BOSTON POST RD, UNIT 844",MADISON,CT,06443
4 DOG CONSTRUCTION LLC,1117672,2013-09-12,Active,Domestic Limited Liability Company,24 EAST AVE STE 142,NEW CANAAN,CT,06840
"ABC OBEDIENCE DOG TRAINING & PET SUPPLIES, LLC",0703234,2002-01-25,Active,Domestic Limited Liability Company,"2458 BOSTON POST ROAD, ABC OBEDIENCE",GUILFORD,CT,06437
ACTIVE DOG LLC,1106032,2013-05-06,Active,Domestic Limited Liability Company,15 WEDDINGTON LANE,WESTON,CT,06883
"ADDICUS LEGACY DOG RESCUE, INC.",1211434,2016-06-30,Active,Corporation,,,,
"A DOG'S LIFE, LLC",0940153,2008-08-14,Active,Domestic Limited Liability Company,23 CARRIAGE DRIVE,OXFORD,CT,06478
"A DOG'S WORLD, LLC",1180827,2015-07-13,Active,Domestic Limited Liability Company,396 SALEM TPKE.,BOZRAH,CT,06334
"ADOPT - A - DOG, INC.",0122795,1981-09-25,Active,Corporation,23 COX AVENUE,ARMONK,NY,10504
"ADVANCED DOG BEHAVIOR SOLUTIONS, LLC",0965865,2009-03-12,Active,Domestic Limited Liability Company,132 COMPO ROAD SOUTH,WESTPORT,CT,06880
A HAIR OF THE DOG LLC,1027939,2011-02-07,Active,Domestic Limited Liability Company,51 WHITFIELD STREET,GUILFORD,CT,06347
AIMEE'S HAIR OF THE DOG LLC,0773764,2004-02-04,Active,Domestic Limited Liability Company,51 WHITFIELD ST,GUILFORD,CT,
A J HOT DOG LLC,1165485,2015-01-08,Active,Domestic Limited Liability Company,115 FRENCH RD,BOLTON,CT,06043
"ALERT DOGS FOR LIFE, INC.",1091931,2012-12-13,Active,Corporation,240 FAIR OAK DR.,FAIRFIELD,CT,06824
ALL ABOUT THE DOGS LLC,1202858,2016-04-11,Active,Domestic Limited Liability Company,88 POST ROAD,FAIRFIELD,CT,06824
ALL DOGGED OUT LLC,0958931,2009-01-02,Active,Domestic Limited Liability Company,699 BLOOMFIELD AVE,BLOOMFIELD,CT,06002
"ALPHA DOG DESIGN, LLC",1099353,2013-03-11,Active,Domestic Limited Liability Company,577 BERKSHIRE RD,SOUTHBURY,CT,06488
"AL'S HOT DOG STAND, LLC",0618058,1999-04-07,Active,Domestic Limited Liability Company,248 S. MAIN STREET,NAUGATUCK,CT,06770
"A MAN AND HIS DOG, LLC",1121569,2013-10-18,Active,Domestic Limited Liability Company,4 CHARTER OAK LANE,GREENWICH,CT,06830
"AMERICAN HUNTING DOG CLUB, INC. THE",0286100,1993-05-07,Active,Corporation,16 VIRGINIA RAIL DR,MARLBOROUGH,CT,06447
"ANTHONY'S NEW YORK HOT DOGS & MORE, INC.",1062010,2012-02-08,Active,Corporation,11 MOUNT TOM RD,NEW ROCHELLE,NY,10805
"APPLE DOG IMPORTS, LLC",0698653,2001-12-11,Active,Domestic Limited Liability Company,"90 MAIN ST., SUITE 201",CENTERBROOK,CT,06409
AROOOO! DOG TRAINING LLC,1066460,2012-03-26,Active,Domestic Limited Liability Company,26 ORCHARD HEIGHTS DRIVE,HAMDEN,CT,06514
ASSISTANCE DOGS UNLIMITED INC.,0677631,2001-03-30,Active,Corporation,10 ANDOVER DRIVE,ROCKY HILL,CT,06067
"A TOTAL LOOK BY TOTAL DOG, LLC",1151124,2014-08-05,Active,Domestic Limited Liability Company,12 PLEASANT ST,DARIEN,CT,06820
"AVON ADVOCATES FOR DOGS, INC.",0677913,2001-04-03,Active,Corporation,"C/O CAROLYN STIGLER, 182 WOODFORD HILLS DRIVE",AVON,CT,06001
"AWESOME DOG TRAINING, LLC",1184335,2015-08-25,Active,Domestic Limited Liability Company,27 OLD TURNPIKE,BROOKFIELD,CT,06804
"BADD DOGS, INC.",0991908,2010-01-04,Active,Corporation,142 COTTAGE STREET,TRUMBULL,CT,06611
BAD DOG BUILDERS LLC,1050216,2011-10-04,Active,Domestic Limited Liability Company,116 CANDLEWOOD LAKE ROAD NORTH,NEW MILFORD,CT,06776
"BAD DOG PROPERTIES, LLC",1158476,2014-10-20,Active,Domestic Limited Liability Company,"1340 SULLIVAN AVENUE, UNIT A",SOUTH WINDSOR,CT,06074
BAD DOGS LLC,0738522,2003-01-31,Active,Domestic Limited Liability Company,120 GOODWIN PLACE,STRATFORD,CT,06615
"BAD DOG STABLES, LLC",0785021,2004-05-19,Active,Domestic Limited Liability Company,34 SOUTH RD,LITCHFIELD,CT,06759
"BAD DOGS TOO, LLC",1211191,2016-07-14,Active,Domestic Limited Liability Company,"157 CHURCH ST., 12TH FL.",NEW HAVEN,CT,06510
BAILEY DOG LLC,1161121,2014-12-02,Active,Domestic Limited Liability Company,3001 FAIRFIELD AVE.,BRIDGEPORT,CT,06605
"BANANA DOG WINES & SPIRITS, LLC",0690335,2001-09-04,Active,Domestic Limited Liability Company,"8 MATTHEWS DRIVE, PO BOX 82",EAST HADDAM,CT,06423
BANDILANE SCHOOL FOR DOGS INC.,0534113,1996-04-04,Active,Corporation,80 LARGO DRIVE,STAMFORD,CT,06907
"BARK AVENUE DOG SALON, LLC",0959990,2009-01-13,Active,Domestic Limited Liability Company,"53 EAST INDUSTRIAL ROAD, UNIT A-5",BRANFORD,CT,06405
BARKING DOG DESIGN LLC,0618306,1999-04-12,Active,Domestic Limited Liability Company,58 NORTH BROOK STREET,HAMPTON,CT,06247
"BARKING DOG GUITAR TRADERS, LLC",0926503,2008-01-31,Active,Domestic Limited Liability Company,88 PARK AVE.,NAUGATUCK,CT,06770
BC BULL DOG II LLC,0898606,2007-05-07,Active,Domestic Limited Liability Company,"333 LUDLOW STREET, NORTH TOWER",STAMFORD,CT,06902
"B-DOG'S, LLC",1077401,2012-07-11,Active,Domestic Limited Liability Company,23 WILDCAT RD,BURLINGTON,CT,06013
"BEACH HOUSE DOG, LLC",1179438,2015-06-23,Active,Domestic Limited Liability Company,47 SPORTSMAN HILL ROAD,MADISON,CT,06443
"BECCA'S DOG GROOMING, LLC",1006689,2010-06-04,Active,Domestic Limited Liability Company,"1089 BOSTON POST ROAD, REAR",DARIEN,CT,06820
"BEHAVE DOG TRAINING, LLC",1005693,2010-05-25,Active,Domestic Limited Liability Company,48 PORTERS HILL ROAD,TRUMBULL,CT,06611
BERKELEY'S DAPPER DOG LLC,1170432,2015-03-16,Active,Domestic Limited Liability Company,505 MAIN ST,DANIELSON,CT,06239
"BE THE DOG, LLC",0969737,2009-04-24,Active,Domestic Limited Liability Company,12 ROBERT DRIVE,COLUMBIA,CT,
BETTER WITH DOGS LLC,0937233,2008-05-05,Active,Domestic Limited Liability Company,72 MORGAN ST.,EAST HAVEN,CT,06512
BEYOND BORDERS DOG TRAINING LLC,0969470,2009-04-22,Active,Domestic Limited Liability Company,208 CRONIN STREET,BRISTOL,CT,06010
"BIG DOG CONSTRUCTION, LLC",0961681,2009-01-30,Active,Domestic Limited Liability Company,101 PHILLIPS ROAD,LISBON,CT,06351
"BIG DOG CONTRACTING, LLC",0765115,2003-11-10,Active,Domestic Limited Liability Company,2 NOROTON ROAD,NEW FAIRFIELD,CT,06812
"BIG DOG ENTERPRISES, LLC",0616706,1999-03-22,Active,Domestic Limited Liability Company,129 OLD HYDE RD.,WESTON,CT,06883
BIG DOG ENTERTAINMENT LLC,0841747,2005-12-05,Active,Domestic Limited Liability Company,24 WHITING ST.,PLAINVILLE,CT,06062
"BIG DOG FRAMING, L.L.C.",0715339,2002-05-20,Active,Domestic Limited Liability Company,1374 CHAMBERLAIN HIGHWAY,BERLIN,CT,06037
"BIG DOG & HAT, LLC",0585574,1998-03-10,Active,Domestic Limited Liability Company,232 HURD ST,FAIRFIELD,CT,06824
"BIG DOG LAND SERVICES, LLC",1027195,2011-01-27,Active,Domestic Limited Liability Company,"18 QUARRY RD, 18 QUARRY RD, 18 QUARRY RD",WATERFORD,CT,06385
BIG DOG LLC,1146807,2014-07-18,Active,Domestic Limited Liability Company,155 KILLIAN AVE,TRUMBULL,CT,06611
"BIG DOG MANAGEMENT, LLC",1081324,2012-08-23,Active,Domestic Limited Liability Company,65 WALNUT ROAD,ROCKY HILL,CT,06067
"BIG DOG MEATS, LLC",0542328,1996-08-08,Active,Domestic Limited Liability Company,85 PRINDLE RD.,WEST HAVEN,CT,06516
"BIG DOG PARTNERS, LLC",0848353,2006-02-02,Active,Domestic Limited Liability Company,33 HERMANN LANE,EASTON,CT,06612
"BIG DOG TRUCKING, LLC",0890365,2007-02-28,Active,Domestic Limited Liability Company,817 CARRINGTON RD,BETHANY,CT,06524
BIG WHITE DOG CONSTRUCTION LLC,1043173,2011-07-14,Active,Domestic Limited Liability Company,"140 BEACHVIEW AVENUE, #284",BRIDGEPORT,CT,06605
BIRD DOG LIQUORS LLC,0531329,1996-02-23,Active,Domestic Limited Liability Company,1019 STAFFORD RD.,STORRS,CT,06268
"BIRD DOG, LLC",0804079,2004-12-07,Active,Domestic Limited Liability Company,89 MAYO AVE,GREENWICH,CT,06830
"BK'S BURGERS & DOGS, LLC",0978629,2009-07-29,Active,Domestic Limited Liability Company,"80 CLAUDIA DRIVE, UNIT 265",WEST HAVEN,CT,06516
BLACK DOG AERO SERVICES LLC,1047907,2011-09-09,Active,Domestic Limited Liability Company,65 SEABREEZ DR.,STRATFORD,CT,06614
"BLACK DOG BAR & GRILLE, LLC",1195661,2016-01-22,Active,Domestic Limited Liability Company,143 BOSTON POST ROAD,N. WINDHAM,CT,06256
"BLACK DOG BUILDERS, LLC",0524064,1995-10-17,Active,Domestic Limited Liability Company,139 HORSE FENCE HILL RD,SOUTHBURY,CT,06488
"BLACK DOG ENTERPRISES, INC.",0221828,1988-09-12,Active,Corporation,265 MOHEGAN ROAD,SHELTON,CT,06484
BLACK DOG ESTATES LLC,1155057,2014-09-18,Active,Domestic Limited Liability Company,242 HUBBARD ST,GLASTONBURY,CT,06033
"BLACK DOG FINANCIAL GROUP, LLC",0896223,2007-04-16,Active,Domestic Limited Liability Company,93 SPENCER PLAIN RD,OLD SAYBROOK,CT,06475
"BLACK DOG FORESTRY, LLC",0819920,2005-04-29,Active,Domestic Limited Liability Company,44 HEATHER LANE,NORTH GRANBY,CT,06060
"BLACK DOG FUEL, LLC",0789485,2004-07-02,Active,Domestic Limited Liability Company,148 CANDLEWOOD MOUNTAIN RD.,NEW MILFORD,CT,06776
"BLACK DOG HOME IMPROVEMENT, LLC",1140837,2014-04-30,Active,Domestic Limited Liability Company,10 BEACH DRIVE,DANBURY,CT,06811
"BLACK DOG IMAGING, LLC",1074596,2012-06-07,Active,Domestic Limited Liability Company,5 ROOSEVELT AVENUE,MYSTIC,CT,06355
"BLACK DOG, LLC",0792804,2004-09-22,Active,Domestic Limited Liability Company,5 GREEN LANE,GREENWICH,CT,06830
BLACK DOG MARINE SURVEYORS AND CONSULTANTS L.L.C.,0647557,2000-03-29,Active,Domestic Limited Liability Company,34 LYME ST.,OLD LYME,CT,06371
"BLACK DOG MEDIA, LLC",0642186,2000-02-01,Active,Domestic Limited Liability Company,"639 SUMMER ST., #24",STAMFORD,CT,06901
"BLACK DOG PROPERTIES, LLC",0846658,2006-01-19,Active,Domestic Limited Liability Company,37 WOODING STREET,BRISTOL,CT,06010
BLACK DOG PROPERTY MANAGEMENT LLC,1052218,2011-10-26,Active,Domestic Limited Liability Company,89 PUMPKIN HILL RD.,NEW MILFORD,CT,06776
BLACK DOG PROPERTY SERVICES LLC,1181559,2015-07-21,Active,Domestic Limited Liability Company,115 BELGIAN CIRCLE,BRISTOL,CT,06010
"BLACK DOG QUADS, LLC",0753948,2003-07-08,Active,Domestic Limited Liability Company,11 SWEET MEADOW RD,NEWTOWN,CT,06470
"BLACK DOG RECORDING, LLC",0851343,2006-03-02,Active,Domestic Limited Liability Company,14 HORIZON COURT,MONROE,CT,06468
"BLACK DOG REMODELING, LLC",0654739,2000-06-19,Active,Domestic Limited Liability Company,260 FOX HILL ROAD,STRATFORD,CT,06614
"BLACK DOG RENTALS, LLC",1077272,2012-07-06,Active,Domestic Limited Liability Company,18 PETERS ROAD,BOZRAH,CT,06334
"BLACK DOG RENTALS TWO, LLC",1091354,2012-12-10,Active,Domestic Limited Liability Company,18 PETERS RD,BOZRAH,CT,06334
"BLACK DOGS, LLC",0963958,2009-02-23,Active,Domestic Limited Liability Company,2 CROSS STREET,GROTON,CT,06340
"BLACK DOG SPIRITS, LLC",0674525,2001-02-23,Active,Domestic Limited Liability Company,1155 EAST PUTNAM AVE.,RIVERSIDE,CT,06878
"BLIND DOG RESCUE ALLIANCE, INC.",1164784,2014-12-29,Active,Corporation,3 HIGH RIDGE RD,SEYMOUR,CT,06483
"BLUE DOG ENTERPRISES, LLC",1050266,2011-10-05,Active,Domestic Limited Liability Company,172 PERCIVAL DRIVE,CHESHIRE,CT,06410
BLUE DOG FARM LLC,1155021,2014-09-18,Active,Domestic Limited Liability Company,242 HUBBARD ST,GLASTONBURY,CT,06033
BLUE DOG HOME IMPROVEMENTS LLC,0779648,2004-03-29,Active,Domestic Limited Liability Company,7 TEACHERS RIDGE RD.,SANDY HOOK,CT,06482
BLUE DOG INVESTMENTS LLC,0951750,2008-10-07,Active,Foreign Limited Liability Company,"ONE CUSTOM HOUSE ST, SUITE 4",PROVIDENCE,RI,02903
"BONE-AFIDE DOG TRAINING, LLC",0807149,2005-01-10,Active,Domestic Limited Liability Company,"15 OLD TOWN RD.,, BONE-AFIDE DOG TRAINING",RIDGEFIELD,CT,06877
"BRIGHT SPOT THERAPY DOGS, INC.",0792594,2004-08-05,Active,Corporation,282 NORTH ROAD,WESTHAMPTON,MA,01027
"BROTHERS OF THE DOG, LLC",0534835,1996-04-09,Active,Domestic Limited Liability Company,18 FEDERAL RD.,DANBURY,CT,06810
"BROWN DOG COMMUNICATIONS, LLC",1065335,2012-03-12,Active,Domestic Limited Liability Company,745 WESTFORD ROAD,ASHFORD,CT,06278
"BROWN DOG EXCAVATION, LLC",1022043,2010-12-01,Active,Domestic Limited Liability Company,190 CANTERBURY ROAD,BROOKLYN,CT,06234
"BROWN DOG GC, LLC",0673083,2001-02-05,Active,Domestic Limited Liability Company,33 STONYBROOK ROAD,NORWALK,CT,06851
BROWN DOG LLC,1181842,2015-07-24,Active,Domestic Limited Liability Company,"180 FLANDERS RD, UNIT 1",NIANTIC,CT,06357
"BROWN DOG PROPERTIES, LLC",1183473,2015-08-13,Active,Domestic Limited Liability Company,100 MIGEON AVE,LITCHFIELD,CT,06759
"BRUJO DOGS, LLC",1195775,2016-01-25,Active,Domestic Limited Liability Company,20 E. NORMANDY DR,WEST HARTFORD,CT,06107
BUDDHA DOG INC,1113049,2013-07-16,Active,Corporation,,,,
"BULL DOG 132, LLC",1040572,2011-06-09,Active,Domestic Limited Liability Company,6 WOODY CREST,WEST HAVEN,CT,06516
"BULL DOG 36, LLC",1029931,2011-02-24,Active,Domestic Limited Liability Company,6 WOODY CREST,WEST HAVEN,CT,06516
"BULL DOG 87, LLC",1040571,2011-06-09,Active,Domestic Limited Liability Company,6 WOODY CREST,WEST HAVEN,CT,06516
"BULL DOG PACKAGING AND SHIPPING, LLC",0661382,2000-09-15,Active,Domestic Limited Liability Company,45 HIGH ST.,NEW HAVEN,CT,06510
"BURGER DOG, LLC",0863617,2006-06-16,Active,Domestic Limited Liability Company,330 PEQUONNOCK STREET,BRIDGEPORT,CT,06604
BUSTER'S HOT DOGS LLC,1063838,2012-02-29,Active,Domestic Limited Liability Company,142 BERLIN AVE,SOUTHINGTON,CT,06489
"CANINE LOVE DOG TRAINING, LLC",1179940,2015-06-30,Active,Domestic Limited Liability Company,12 BEAR DEN ROAD,TRUMBULL,CT,06611
"CENTRAL CONNECTICUT BIRD DOG CLUB, INCORPORATED THE",0097204,1961-02-27,Active,Corporation,17 DUNDEE CIRCLE,HARWICH,MA,02645
CHAMPION DOGS FRANCHISE CORPORATION,0284145,1993-03-29,Active,Corporation,"108 GREENWOOD AVENUE, PO BOX 849",BETHEL,CT,06801
"CHESHIRE DOG PARK, INC.",0979871,2009-08-10,Active,Corporation,223 WOOD POND RD.,CHESHIRE,CT,06410
"CHESHIRE DOG TRAINING CLUB, INC.",0052610,1974-10-08,Active,Corporation,"JOHN J. LANG, 669 NORTH ELM ST.",WALLINGFORD,CT,06492
CLEAN CATS AND DIRTY DOGS LLC,1038687,2011-05-24,Active,Domestic Limited Liability Company,"12 CAMELOT DR, F-3, F-3",NORWALK,CT,06850
"CONEY ISLAND HOT DOGS, INC.",0247938,1990-05-10,Active,Corporation,7251 WEST SAHARA AVENUE,LAS VEGAS,NV,89117
"CONFIDENT CANINE DOG TRAINING, LLC",1167360,2015-02-19,Active,Domestic Limited Liability Company,849 MAIN STREET,MONROE,CT,06468
CONNECTICUT DOG LLC,1197697,2016-01-27,Active,Domestic Limited Liability Company,190 GUNGY RD,SALEM,CT,
"CONNECTICUT DOG RUNNERS, LLC",0947070,2008-08-15,Active,Domestic Limited Liability Company,33 CHESTERFIELD ROAD,WETHERSFIELD,CT,06109
"CONNECTICUT FEDERATION OF DOG CLUBS AND RESPONSIBLE DOG OWNERS, INC.",0283586,1993-02-18,Active,Corporation,"369 WEST MAIN STREET, SUITE 2",AVON,CT,06001
CONNECTICUT POLICE WORK DOG ASSOCIATION INC.,0719147,2002-06-27,Active,Corporation,596 VAUXHALL STREET EXTENSION,WATERFORD,CT,06385
"CONNECTICUT SCHOOL OF DOG GROOMING, LLC",0715100,2002-05-15,Active,Domestic Limited Liability Company,117 WASHINGTON AVENUE,NORTH HAVEN,CT,06473
"CONTINENTAL DOG GROOMING SALON, LLC",0747652,2003-05-19,Active,Domestic Limited Liability Company,477 MAIN STREET,MONROE,CT,06468
COVE DOG LLC,1039055,2011-05-26,Active,Foreign Limited Liability Company,"2711 CENTERVILLE ROAD, SUITE 400",WILMINGTON,DE,19808
CREATIVE DOGS LLC,0785508,2004-05-21,Active,Domestic Limited Liability Company,"201 SOUTH ROAD, P.O. BOX 129",WINCHESTER CENTER,CT,06094
"CT RIVER DOGS BASEBALL CLUB, LLC",1114026,2013-07-29,Active,Domestic Limited Liability Company,8 WOODCHUCK COURT,NORWALK,CT,06854
DAILY DOGS LLC,1026276,2011-01-20,Active,Domestic Limited Liability Company,88 WARD ST,NAUGATUCK,CT,06770
"DANCIN DOGS, LLC",0949681,2008-09-15,Active,Domestic Limited Liability Company,308 CANDLEWYCK DRIVE,NEWINGTON,CT,06111
DANCING DOG FARM LLC,1152909,2014-08-20,Active,Domestic Limited Liability Company,140A MOPUS BRIDGE ROAD,RIDGEFIELD,CT,06877
DANDY DOGS LLC,0942747,2008-06-26,Active,Domestic Limited Liability Company,"255 ROUTE 12, SUITE 621",GROTON,CT,06340
"DAN'S DOG HOUSE, INC.",0237432,1989-08-21,Active,Corporation,112 LENOX STREET,NEW HAVEN,CT,06513
"DAPPER-N-DIVA DOGS, LLC",1077702,2012-07-11,Active,Domestic Limited Liability Company,127 ROWLAND RD,FAIRFIELD,CT,06824
"DAVE'S DOG HOUSE, LLC",1041876,2011-06-27,Active,Domestic Limited Liability Company,192 HAMILTON AVENUE,STAMFORD,CT,06902
DAVE'S HOT DIGGITY DOGS L.L.C.,0718317,2002-06-19,Active,Domestic Limited Liability Company,82 SBONA DR.,MIDDLETOWN,CT,06457
"DAYTRIPPING DOGS, LLC",0845387,2006-01-12,Active,Domestic Limited Liability Company,40 B SEMINARY STREET,NEW CANAAN,CT,06840
"D & D'S DOG WALKING/PET CARE, LLC",0550958,1996-12-31,Active,Domestic Limited Liability Company,242 KNICKERBOCKER AVE,STAMFORD,CT,06907
DEBRA SHORE DOG TRAINING LLC,0995018,2010-02-03,Active,Domestic Limited Liability Company,102 CLAPBOARD RIDGE ROAD,GREENWICH,CT,06830
"DEEP RIVER DOG HOUSE, LLC",1207555,2016-06-02,Active,Domestic Limited Liability Company,500  INDUSTRIAL PARK  RD.,DEEP RIVER,CT,06417
"DEVIL DOG DAY CARE, LLC",1198864,2016-02-17,Active,Domestic Limited Liability Company,2A STONEGATE CIRCLE,BRANFORD,CT,06405
DI DI'S DOGS LLC,1043133,2011-07-12,Active,Domestic Limited Liability Company,89 BOULANGER AV,W. HARTFORD,CT,06110
DIGGITY DOG LLC,0972314,2009-05-20,Active,Domestic Limited Liability Company,31 POCONO LANE,DANBURY,CT,06810
DIGITAL DOG DESIGN LLC,0972921,2009-05-20,Active,Domestic Limited Liability Company,61 MILE HILL RD S.,NEWTOWN,CT,06470
DIOVANY HOT DOGS LLC,0979828,2009-08-11,Active,Domestic Limited Liability Company,280 SAYBROOK ST.,HTFD,CT,06106
"DIRT DOG EXCAVATION, L.L.C.",0819237,2005-04-22,Active,Domestic Limited Liability Company,"55 LAKEVIEW ST., P. O .BOX 524",THOMPSON,CT,06277
DIRTY DOG DO IT YOURSELF PET WASH & PAWSTRY SHOP LLC,0807820,2005-01-13,Active,Domestic Limited Liability Company,124 WEBSTER RIDGE,BERLIN,CT,06037
DIRTY DOGS LLC,0840517,2005-11-23,Active,Domestic Limited Liability Company,120 GOODWIN PL,STRATFORD,CT,06615
"DIVA DOGS, LLC",0762535,2003-10-14,Active,Domestic Limited Liability Company,670 MAIN ST. SOUTH,WOODBURY,CT,06798
"DIVINE DOGS, LLC",0762631,2003-10-15,Active,Domestic Limited Liability Company,31A HAMILTON COURT,STAMFORD,CT,06902
DIVINE DOGS OF CT LLC,0996070,2010-02-10,Active,Domestic Limited Liability Company,"123 SOUTH MAIN ST., SUITE 210",NEWTOWN,CT,06470
"DOG AS COPILOT, LLC",1156339,2014-10-02,Active,Domestic Limited Liability Company,8 HARNISH LANE,WALLINGFORD,CT,06492
"DOG BONES, LLC",0813654,2005-03-08,Active,Domestic Limited Liability Company,67 NEW LONDON TPKE,MYSTIC,CT,06355
"DOG BUTLER, LLC",1087072,2012-10-24,Active,Domestic Limited Liability Company,159 HILLTOP CIRCLE,TRUMBULL,CT,06611
DOG DAYS ADOPTION EVENTS INC.,1018018,2010-10-14,Active,Corporation,4 ABBOTTS LANE,BRANFORD,CT,06405
"DOG DAYS HOME IMPROVEMENT, LLC",0902896,2007-06-13,Active,Domestic Limited Liability Company,1970 MAIN STREET,EAST HARTFORD,CT,06108
"DOG DAYS OF WEST HARTFORD, LLC",0730681,2002-11-07,Active,Domestic Limited Liability Company,846 FARMINGTON AVE. RM. #9,WEST HARTFORD,CT,06119
"DOG DREAMS, INC.",0699912,2001-12-20,Active,Corporation,25 BRISCOE ROAD,LAKEVILLE,CT,06039
DOG ESSENTIALS LLC,0941878,2008-07-09,Active,Domestic Limited Liability Company,500 TALCOTTVILLE RD,VERNON,CT,06066
"DOG FACED BOY, LLC",0800270,2004-10-22,Active,Domestic Limited Liability Company,20 DEERFIELD AVE,MILFORD,CT,06460
"DOG FRIENDS OF STAMFORD, INC.",0954090,2008-11-04,Active,Corporation,48 UNION STREET #1C,STAMFORD,CT,06906
DOG GONE BEAUTIFUL MOBILE DOG GROOMING LLC,0938372,2008-05-15,Active,Domestic Limited Liability Company,76 TIMBERWOOD TRAIL,HAMDEN,CT,06514
"DOG GONE GOOSE CONTROL, LLC",0772026,2004-01-21,Active,Domestic Limited Liability Company,89 SOUTH RIVER ROAD,COVENTRY,CT,06238
"DOG GONE IT, LLC",1041272,2011-06-20,Active,Domestic Limited Liability Company,49 MALDEN STREET,WEST HAVEN,CT,06516
"DOG GONE RECOVERY, LLC",1151742,2014-08-11,Active,Domestic Limited Liability Company,244 FARMS VILLAGE ROAD,WEST SIMSBURY,CT,06049
"DOG GONE SMART'S CANINE CONTAINMENT SYSTEMS, LLC",0670957,2001-01-12,Active,Domestic Limited Liability Company,15 CROSS STREET,NORWALK,CT,06851
DOG GUARD LLC,0852709,2006-03-13,Active,Domestic Limited Liability Company,3 FLAT ROCK HILL ROAD,OLD LYME,CT,06371
DOG GUARD OF EASTERN CT/RI LLC,1092120,2012-12-20,Active,Domestic Limited Liability Company,180 TYLER AVE.,GROTON,CT,06340
"DOG IN A SUB PRODUCTIONS, LLC",0609318,1998-12-21,Active,Domestic Limited Liability Company,98 EAST MAIN STREET,ROCKVILLE,CT,06066
"DOG LANE CAFE, LLC",1052843,2011-11-03,Active,Domestic Limited Liability Company,1 DOG LANE,STORRS,CT,06268
"DOG-MED, LLC",0922023,2007-12-18,Active,Domestic Limited Liability Company,173 PLAZA DRIVE,MIDDLETOWN,CT,06457
DOG MEETS WORLD LLC,1124584,2013-11-12,Active,Domestic Limited Liability Company,52 CRESTVIEW DR,COLCHESTER,CT,06415
DOG & PONY DESIGN LLC,1145457,2014-06-04,Active,Domestic Limited Liability Company,166B CIRCLE DR,BANTAM,CT,06750
DOG RESCUE LLC,0870995,2006-08-28,Active,Domestic Limited Liability Company,205 ASHFORD RD.,EASTFORD,CT,06242
"DOGS 360 TRAINING & REHABILITATION, LLC",1194174,2016-01-05,Active,Domestic Limited Liability Company,77 KNOX RD,STAMFORD,CT,06907
"DOG'S BEST FRIEND, LLC",0920280,2007-11-28,Active,Domestic Limited Liability Company,590 NEWFIELD SPRING RD.,TORRINGTON,CT,06790
DOGS COUNT LLC,1101715,2013-03-20,Active,Domestic Limited Liability Company,70 DEERFIELD RUN,ROCKY HILL,CT,06067
"DOGS GONE GREAT CANINE TRAINING, LLC",0941485,2008-06-16,Active,Domestic Limited Liability Company,120 GREENRIDGE RD,TORRINGTON,CT,06790
"DOGS GONE WALKING, LLC",1136410,2014-03-11,Active,Domestic Limited Liability Company,14 STONEWALL DR.,STAMFORD,CT,06905
"DOG SIRIUS, LLC",1142718,2014-05-15,Active,Domestic Limited Liability Company,97 NEWCOMB ROAD,LITCHFIELD,CT,06759
"DOG STAR CONSTELLATION, LLC",0837298,2005-10-18,Active,Domestic Limited Liability Company,74 NORTH STREET,PUTNAM,CT,06260
"DOG STAR RESCUE, INC.",1130956,2014-01-30,Active,Corporation,28 ANVIL DRIVE,AVON,CT,06001
DOG STICK LLC,1073441,2012-05-25,Active,Domestic Limited Liability Company,"C/O ATTY ANN E. FISHER, 459 DANBURY ROAD",NEW MILFORD,CT,06776
"DOGS TO DRAGONS, L.L.C.",0747744,2003-05-02,Active,Domestic Limited Liability Company,183 ROUTE 81,KILLINGWORTH,CT,06419
DOGS UNLIMITED L.L.C.,0981007,2009-08-24,Active,Domestic Limited Liability Company,345 SHARON TURNPIKE,GOSHEN,CT,06756
"DOG TALES, LLC",0936955,2008-05-02,Active,Domestic Limited Liability Company,278 MAIN STREET,PORTLAND,CT,06480
"DOG UNLIMITED, L.L.C.",0517267,1995-06-19,Active,Domestic Limited Liability Company,641 ATLANTIC ST,STAMFORD,CT,06902
"DOG WATCH BBQ, LLC",1199084,2016-03-02,Active,Domestic Limited Liability Company,8 FRONT STREET,STONNINGTON,CT,06378
DOG WATCH OF THE OCEAN STATE LLC,0973832,2009-06-02,Active,Domestic Limited Liability Company,10 TRUMBULL ST.,STONINGTON,CT,06378
"DOG WELFARE ASSOCIATION OF CONNECTICUT, INCORPORATED",0053785,1932-02-17,Active,Corporation,"PATRICIA L. MUMPER, 515 SIMSBURY RD.",BLOOMFIELD,CT,06002
DONARSTREIK DOG EQUIPMENT L.L.C.,0619169,1999-04-22,Active,Domestic Limited Liability Company,127 DALE RD.,WETHERSFIELD,CT,06109
DOUBLE DOG DELICIOUS LLC,1143838,2014-05-23,Active,Domestic Limited Liability Company,140 SILKEY RD,NORTH GRANBY,CT,06060
"DOUBLE DOG RESCUE, INC.",0977588,2009-07-15,Active,Corporation,70 HARTSUFF STREET,ROCKLAND,MA,02370
DP DOGS LLC,1020412,2010-11-12,Active,Domestic Limited Liability Company,25 ABBEY ROAD,EASTON,CT,06612
DREAM DOGS CT LLC,1100746,2013-03-25,Active,Domestic Limited Liability Company,744 MAIN STREET,SOMERS,CT,06071
"DREAMING DOG, LLC",0841839,2005-12-06,Active,Domestic Limited Liability Company,45 CHILD HILL ROAD,WOODSTOCK,CT,06281
"DYNAMIC DOGS, LLC",0748040,2003-05-06,Active,Domestic Limited Liability Company,1053 ROUTE 198,WOODSTOCK,CT,06281
"EAST COAST ASIAN DOG RESCUE, INC.",0795253,2004-08-31,Active,Corporation,"C/O LINDA CLASSON, 29 SOUTH RD.",BOLTON,CT,06043
"EAST COAST ASSISTANCE DOGS, INC.",0523492,1995-10-11,Active,Corporation,149 NEWFIELD RD,WINCHESTER,CT,06098
E & J HOT DOG WAGGIN LLC,1211695,2016-07-11,Active,Domestic Limited Liability Company,185 PETERS LANE,ROCKFALL,CT,06481
"ELECTRIC GUARD DOG, LLC",0899836,2007-05-17,Active,Foreign Limited Liability Company,"550 ASSEMBLY STREET, 5TH FLOOR",COLUMBIA,SC,29201
ENFIELD DOG PARK ACTION COMMITTEE INC,0946629,2008-08-11,Active,Corporation,6 BURNHAM ST,ENFIELD,CT,06082
"ESKIES ONLINE AMERICAN ESKIMO DOG RESCUE, INC.",1193798,2015-12-28,Active,Corporation,22 BENNETT POND ROAD,CANTERBURY,CT,06331
"EVERY DOG'S DAY, LLC",1211737,2016-07-11,Active,Domestic Limited Liability Company,1 RUNDELANE,BLOOMFIELD,CT,06002
"EXECU-DOG, LLC",0749668,2003-05-22,Active,Domestic Limited Liability Company,6 MARGARET STREET,NORWALK,CT,06851
"EXPERT DOG TRAINING, LLC",0724183,2002-08-27,Active,Domestic Limited Liability Company,31 EASTLAWN ST,FAIRFIELD,CT,06824
"FAITHFUL FRIENDS SERVICE DOG FOUNDATION, INC.",1170937,2015-03-24,Active,Corporation,100 WEST RD,ELLINGTON,CT,06029
"FANCY FINISH DOG GROOMING SALON, LLC",0970646,2009-03-29,Active,Domestic Limited Liability Company,293 OLD TURNPIKE RD.,PLANTSVILLE,CT,06489
FAT DOG LLC,0558760,1997-03-19,Active,Domestic Limited Liability Company,"538 LITCHFIELD ST, SUITE 101",TORRINGTON,CT,06790
"FETCHING DOGS OF AMERICA, LLC",0850299,2006-02-21,Active,Domestic Limited Liability Company,10 RANCH ROAD,WOODBRIDGE,CT,06525
"FIDELCO GUIDE DOG FOUNDATION, INC.",0118845,1962-12-06,Active,Corporation,103 VISION WAY,BLOOMFIELD,CT,06002
FIRST BIG DOG LLC,0731099,2002-11-12,Active,Domestic Limited Liability Company,16 CROSS STREET,NEW CANAAN,CT,06840
"FIRST FRIEND DOG TRAINING, LLC",0719734,2002-07-08,Active,Domestic Limited Liability Company,415 BARNES ROAD,WALLINGFORD,CT,06492
"FLOWER DOG FARM, LLC",1062656,2012-02-16,Active,Domestic Limited Liability Company,355 TAYLOR ROAD,ENFIELD,CT,06082
"FLYING DOG POOP, LLC",0741741,2003-03-04,Active,Domestic Limited Liability Company,39 LITCHFIELD ST.,MANCHESTER,CT,06040
"FOR THE LOVE OF DOG, LLC",0729043,2002-10-21,Active,Domestic Limited Liability Company,16 WHITE OAK ROAD,FARMINGTON,CT,06032
"FOR THE LOVE OF DOGS, LLC",1051009,2011-10-13,Active,Domestic Limited Liability Company,52 MIKAYLA LANE,PROSPECT,CT,06712
"FOUR DOGS, LLC",0632450,1999-10-13,Active,Domestic Limited Liability Company,117 GREAT HILL ROAD,NAUGATUCK,CT,06770
"FOX DOG INVESTMENT COMPANY, LLC",0958303,2008-12-24,Active,Domestic Limited Liability Company,146 DEER HILL AVE,DANBURY,CT,06810
"FRIENDS OF CANTON DOG PARK, INC.",1212239,2016-07-18,Active,Corporation,23 FREEDOM DRIVE,COLLINSVILLE,CT,06019
"FRIENDS OF THE SALISBURY COMMUNITY DOG PARK, INC.",1190900,2015-11-12,Active,Corporation,,,,
FRIENDS OF THE SOUTHBURY DOG PARK INC.,1010603,2010-07-19,Active,Corporation,,,,
"FRIENDS OF THE STAMFORD DOG PARK, INCORPORATED",0911941,2007-09-10,Active,Corporation,668 GLENBROOK RD #10,STAMFORD,CT,06906
"FUR BABIES SELF SERVICE DOG WASH, LLC",1208240,2016-06-10,Active,Domestic Limited Liability Company,1203 MERIDEN WATERBURY TPKE.,PLANTSVILLE,CT,06479
FUREVER DOGS LLC,1137449,2014-03-24,Active,Domestic Limited Liability Company,644 REDSTONE HILL RD.,BRISTOL,CT,06010
"GARRETT'S HOT DOGS, LLC",0900878,2007-05-25,Active,Domestic Limited Liability Company,142 NORTH MAIN ST.,SOUTHINGTON,CT,06489
"GENTLE PERSUASIONS DOG TRAINING, LLC",0824370,2005-06-09,Active,Domestic Limited Liability Company,44 MOUNTAIN VIEW AVENUE,NEW MILFORD,CT,06776
"GERMAN SHEPHERD DOG CLUB OF GREATER NEW HAVEN, INC.",0054719,1962-05-15,Active,Corporation,"RICHARD LEWIS, 151 ANDREW AVE APT. 128",NAUGATUCK,CT,06770
"GINGHAM DOG & CALICO CAT, INC.",0299432,1994-06-17,Active,Corporation,225 BEDFORD ST,STAMFORD,CT,06901
"GIVE THE DOG A BATH, LLC",1168320,2015-02-20,Active,Domestic Limited Liability Company,284 BOSTON POST ROAD,MILFORD,CT,06460
"GO DOG DESIGN GROUP, LLC",0656049,2000-09-07,Active,Domestic Limited Liability Company,84 MAPLE AVE,NORFOLK,CT,06058
GO'IN TO THE CATS & DOGS LLC,0700366,2001-12-26,Active,Domestic Limited Liability Company,"MOBILE UNIT, 42 ANTHONY STREET #7",JEWETT CITY,CT,06351
"GOLD DOG, LLC",0794655,2004-08-25,Active,Domestic Limited Liability Company,50 NORTHRUP ROAD,SHARON,CT,06069
GONE TO THE DOGS LLC,0817261,2005-06-30,Active,Domestic Limited Liability Company,41 TIERNEY ST,NORWALK,CT,06851
GOOD DOG DOG TRAINING LLC,0954330,2008-11-03,Active,Domestic Limited Liability Company,96 NEWTOWN AVE,STRATFORD,CT,06614
GOOD DOG LLC,0957615,2008-12-15,Active,Domestic Limited Liability Company,35 LANCE DR.,SOMERS,CT,06071
"GOOD DOG NIGHT, LLC",1209614,2016-06-01,Active,Domestic Limited Liability Company,22 SAXON WOODS,AVON,CT,06001
GOOD DOGS LLC,0822280,2005-05-24,Active,Domestic Limited Liability Company,120 GOODWIN PLACE,STRATFORD,CT,06615
GREY DOG ENTERPRISES LLC,1105746,2013-04-30,Active,Domestic Limited Liability Company,28 MAPLEWOOD PL,STAMFORD,CT,06905
"GUIDE DOG FOUNDATION FOR THE BLIND, INC.",0782090,2004-04-20,Active,Corporation,371 EAST JERICHO TURNPIKE,SMITHTOWN,NY,11787
"HAIR OF THE DOG, INC. THE",0286419,1993-05-25,Active,Corporation,542-44 MAIN STREET,MIDDLETOWN,CT,06457
"HAIRY DOG REALTY, LLC",1197335,2016-02-10,Active,Domestic Limited Liability Company,1380 SOUTHFORD RD.,SOUTHBURY,CT,06488
"HAPPY DOG ADVERTISING, INC.",0598071,1998-08-10,Active,Corporation,,,,
"HAPPY DOG SOFTWARE, LLC",0653664,2000-06-07,Active,Domestic Limited Liability Company,33 OVERLOOK DRIVE,MADISON,CT,06443
"HAPPY DOG WEAR, L.L.C.",0895691,2007-04-12,Active,Domestic Limited Liability Company,181 POST ROAD W.,WESTPORT,CT,06880
"HAPPY TAILS MOBILE DOG GROOMING, LLC",0870320,2006-09-18,Active,Domestic Limited Liability Company,32 SHERWOOD ROAD,STAMFORD,CT,06905
"HARBOR POINT DOG, LLC",1129673,2014-01-17,Active,Domestic Limited Liability Company,792 PACIFIC STREET STE 3,STAMFORD,CT,06902
"HEALTHY DOG, LLC",1021996,2010-11-30,Active,Domestic Limited Liability Company,70 FOX DEN RD.,AVON,CT,06001
"HEARING EAR DOGS OF NEW ENGLAND, LTD.",0106888,1980-06-25,Active,Corporation,"JAMES GOLUB, 420 GROTON LONG POINT RD",GROTON,CT,06340
HOT DIGGIDY DOG LLC.,1040310,2011-06-08,Active,Domestic Limited Liability Company,13 PONDRIDGE RD.,DANBURY,CT,06811
"HOT DIGGITY DOG, LLC",0670328,2001-01-05,Active,Domestic Limited Liability Company,"85 BARNES ROAD, SUITE 207, SUITE 207",WALLINGFORD,CT,06492
"HOT DOG ANIMATION, LLC",1157131,2014-10-14,Active,Domestic Limited Liability Company,717 OLD CASTLE LOOP,MYRTLE BEACH,SC,29579
"HOT DOG KING, LLC",0722858,2002-08-09,Active,Domestic Limited Liability Company,1902 POST ROAD,FAIRFIELD,CT,06824
"HOT DOG MAN OF BRISTOL, INC. THE",0270668,1992-02-14,Active,Corporation,728 FARMINGTON AVENUE,BRISTOL,CT,06010
HOT DOG MARKETING INC.,0780183,2004-04-02,Active,Corporation,7 RAPHAEL WAY,WESTPORT,CT,06880
"HOT DOG OF NEW HAVEN, LLC",0882621,2006-12-18,Active,Domestic Limited Liability Company,15-2 SAINT ANDREWS CIRCLE,WALLINGFORD,CT,06492
HOT DOG PARADISE LLC,1113087,2013-07-16,Active,Domestic Limited Liability Company,4 BANAS COURT,NORWICH,CT,06360
"HOT DOGS PLUS, INC.",0294812,1994-02-04,Active,Corporation,690 EAST MAIN ST,MERIDEN,CT,06450
"HOT RODD'S CHILLY DOGS, LLC",0767644,2003-12-09,Active,Domestic Limited Liability Company,380 LONG RIDGE ROAD,STAMFORD,CT,06902
"HOUND DOG DESIGNS, LLC",0653549,2000-06-07,Active,Domestic Limited Liability Company,30 BRADFORD CIRCLE,GROTON,CT,06340
"HOUND DOG HEAVEN, LLC",0610854,1999-04-05,Active,Domestic Limited Liability Company,32 LAKE RD,COLUMBIA,CT,06237
"HOUSE OF DOGS, LLC",0941512,2008-06-16,Active,Domestic Limited Liability Company,1032 MERIDEN WATERBURY RD,PLANTSVILLE,CT,06479
HUDSON HOUSATONIC DISC DOGS LLC,1180287,2015-07-06,Active,Domestic Limited Liability Company,161 SCATACOOK LANE,SOUTHBURY,CT,06488
"I GOTTA GO DOG WASTE REMOVAL, LLC",0864107,2006-06-22,Active,Domestic Limited Liability Company,21 PONDFIELD RD,NEW FAIRFIELD,CT,06812
"IN THE LEAD DOG TRAINING, LLC",0888514,2007-02-13,Active,Domestic Limited Liability Company,"15 PERRY AVENUE, UNIT A6",NORWALK,CT,06850
"IRV'S DOGS OF CONNECTICUT, LLC",0680459,2001-05-02,Active,Domestic Limited Liability Company,20 BEECHER LANE,LITCHFIELD,CT,06759
"JACK'S LOBSTER DOGS, LLC",0887365,2007-02-01,Active,Domestic Limited Liability Company,"61MAIN STREET, #4N",OLD SAYBROOK,CT,06475
"JACKY'S SNAPPY DOG, INC.",0540198,1996-07-19,Active,Corporation,55 PAVLIK PLACE,BRIDGEPORT,CT,06610
"JAKE'S DIGGITY DOGS, LLC",1122936,2013-10-30,Active,Domestic Limited Liability Company,216 CROWN STREET,NEW HAVEN,CT,06510
JENNY LEE'S HOT DOGS LLC,1201374,2016-03-01,Active,Domestic Limited Liability Company,88 WOODLAND AVE,WATERBURY,CT,06705
"JIM'S HOT DOGS, LLC",1143204,2014-05-08,Active,Domestic Limited Liability Company,42 BAYBERRY ROAD,FAIRFIELD,CT,06825
JJ DOGS LLC,1069122,2012-04-23,Active,Domestic Limited Liability Company,280 BRANFORD RD #753,NORTH BRANFORD,CT,06471
"JOE'S DOGS, LLC",1155915,2014-09-25,Active,Domestic Limited Liability Company,56 MOUNT PLEASANT STREET,DERBY,CT,06418
JOHNS DOG HOUSE L.L.C.,0812547,2005-02-23,Active,Domestic Limited Liability Company,600 PROSPECT ST,NAUGATUCK,CT,06770
"JUMBO DOG ARTBOOKS, LLC",1124311,2013-11-08,Active,Domestic Limited Liability Company,2 BAYWATER DRIVE,DARIEN,CT,06820
"JUNE'S DOG GROOMING & KENNEL, INC.",0191124,1986-10-07,Active,Corporation,48 MAIN STREET ANNEX,NEW HAVEN,CT,06512
"KURLY DOG INVESTMENTS, LLC",0790966,2004-07-19,Active,Domestic Limited Liability Company,136 PAWSON RD.,BRANFORD,CT,06405
LADY AND THE TRAMP DOG GROOMING LLC,1131773,2014-02-07,Active,Domestic Limited Liability Company,16 TOLLAND TPK,WILLINGTON,CT,06279
"LAZY DOG ENTERPRISES, LLC",0938929,2008-05-21,Active,Domestic Limited Liability Company,42 MAY STREET,NAUGATUCK,CT,06770
"LAZY DOG MANAGEMENT, LLC",1182312,2015-07-30,Active,Domestic Limited Liability Company,"266 BROAD ST, FIRST FLOOR, FIRST FLOOR",MILFORD,CT,06460
L DOG TRUCKING LLC,1050712,2011-10-26,Active,Domestic Limited Liability Company,65 HICKS AVENUE #25,MERIDEN,CT,06451
"LEDR DOG TRAINING AND BOARDING, LLC",1168236,2015-02-13,Active,Domestic Limited Liability Company,30 WOODHAVEN DRIVE,BERLIN,CT,06037
"LET'S MAKE A DOG SMILE, LLC",1202615,2016-03-23,Active,Domestic Limited Liability Company,3 MYSTIC LANE,NORWALK,CT,06850
LIGHTFOOT DOG GROOMING LLC,1165856,2015-01-07,Active,Domestic Limited Liability Company,493 LITTLE CITY ROAD,HIGGANUM,CT,06441
LITTLE BLACK DOG RESCUE INC.,0566183,1997-07-02,Active,Corporation,217 VERES ST,FAIRFIELD,CT,06824
LITTLE WHITE DOG INC.,1040420,2011-06-13,Active,Corporation,13 FLINTROCK RD.,NORWALK,CT,06850
LOVE DOG PET CARE LLC,1185950,2015-09-16,Active,Domestic Limited Liability Company,37 RICH LANE,BRISTOL,CT,06010
"LOVE THE DOG, LLC",1194257,2016-01-05,Active,Domestic Limited Liability Company,73 KENDAL COURT,GUILFORD,CT,06437
"LOVING TOUCH DOG GROOMING, LLC",1203512,2016-04-14,Active,Domestic Limited Liability Company,585 HAZARD AVE. #7,ENFIELD,CT,06082
"LUCKY DOG DAYCAMP, LLC",0676808,2001-03-21,Active,Domestic Limited Liability Company,90 SOUTH PARK ST.,WILLIMANTIC,CT,06226
"LUCKY DOG GROOMING, LLC",0884231,2007-01-08,Active,Domestic Limited Liability Company,1211 FOXON ROAD,NORTH BRANFORD,CT,06471
"LUCKY DOG, INC. THE",0300314,1994-07-06,Active,Corporation,321 RICHARD ST.,NEWINGTON,CT,06111
"LUCKY DOG LANDSCAPING, LLC",1207762,2016-06-06,Active,Domestic Limited Liability Company,58 COTTAGE ST.,GROTON,CT,06340
"LUCKY DOG PROPERTIES, LLC",1077662,2012-07-13,Active,Domestic Limited Liability Company,6 DANIELS HILL ROAD,NEWTOWN,CT,06470
LUCKY DOG'S LLC,1037385,2011-05-09,Active,Domestic Limited Liability Company,20 SAXON ROAD,WETHERSFIELD,CT,06109
"LUCY THE DOG, LLC",1197807,2016-01-28,Active,Domestic Limited Liability Company,48 BEECHWOOD TERRACE,GRISWOLD,CT,06351
"MAD DOGS CRICKET CLUB, INC.",1025350,2011-01-06,Active,Corporation,55 TALL OAKS COURT,STAMFORD,CT,06903
MAGIC SCISSORS DOG GROOMING LLC,1117301,2013-08-26,Active,Domestic Limited Liability Company,1050 MADISON AVE,BRIDGEPORT,CT,06606
"MAMA NEDTI'S DOGS, LLC",0764778,2003-11-07,Active,Domestic Limited Liability Company,1059 BLUE HILLS AVE,BLOOMFIELD,CT,06002
"MANCHESTER DOG OWNERS GROUP, INC.",0950653,2008-09-25,Active,Corporation,"46 SAINT JAMES STREET, APT. 5",MANCHESTER,CT,06040
"MARIBEL'S DOG SPA & CARE, LLC",1184531,2015-08-27,Active,Domestic Limited Liability Company,32 SYLVAN KNOLL RD,STAMFORD,CT,06902
"ME- DOG HOUSE, LLC",0863921,2006-06-19,Active,Domestic Limited Liability Company,1522 HOPMEADOW ST,SIMSBURY,CT,06070
"MERIDEN DOG PARK, INC.",1212440,2016-07-25,Active,Corporation,,,,
MILITARY ORDER OF DEVIL DOGS INCORPORATED,0999521,2010-03-18,Active,Corporation,84 WILBUR ST.,PLANTSVILLE,CT,06479
"MILITARY ORDER OF THE DEVIL DOGS - NATIONAL KENNEL, INC.",1028505,2011-02-10,Active,Corporation,"DOUGLAS T. FISK, 42 CLOVER CT.",DAYVILLE,CT,06241
"MILITARY ORDER OF THE DEVIL DOGS - POUND 141, INC",1055599,2011-12-06,Active,Corporation,,,,
"MKO WORKING DOGS, LLC",0719942,2002-10-18,Active,Domestic Limited Liability Company,59 SMITH ROAD,WOODSTOCK,CT,06281
MOLLY DOG LAND LLC,1208898,2016-06-21,Active,Domestic Limited Liability Company,2 HUNTLEY ROAD,OLD LYME,CT,06371
"MONICA G DOG GROOMING, LLC",1152608,2014-08-20,Active,Domestic Limited Liability Company,178 TURTLE BAY DR,BRANFORD,CT,06405
MOO DOG PRESS LLC,0982175,2009-09-04,Active,Domestic Limited Liability Company,57 OLD MILL RD #2,MIDDLETOWN,CT,06457
"M & R HOT DOGS, LLC",0887012,2007-01-30,Active,Domestic Limited Liability Company,"73 PROSPECT, 1 FLOOR",NEW BRITAIN,CT,06051
"MURPH DOG REALTY, LLC",1208298,2016-06-10,Active,Domestic Limited Liability Company,22 KREIGER LANE,GLASTONBURY,CT,06032
"MY BIG DOGS, LLC",1031835,2011-03-14,Active,Domestic Limited Liability Company,94 GREAT POND ROAD,SIMSBURY,CT,06070
MY DOG'S DAYCARE LLC,0891705,2007-03-08,Active,Domestic Limited Liability Company,18 SANDSCREEN ROAD,AVON,CT,06001
"MY DOG'S PLACE, LLC",0627976,1999-08-13,Active,Domestic Limited Liability Company,2 AVERY ST.,MYSTIC,CT,06355
"MY DOG TRAINING CENTER, LLC",1022856,2010-12-08,Active,Domestic Limited Liability Company,"184 PROVIDENCE PIKE, X",PUTNAM,CT,06260
NATURALLY DOGS AND CATS LLC,1030078,2011-03-01,Active,Domestic Limited Liability Company,17 SILVER LANE,ENFIELD,CT,06082
"NEW MILFORD DOG PARK, INC.",1108226,2013-05-29,Active,Corporation,44 PICKETT DISTRICT RD,NEW MILFORD,CT,06776
"N &N HOT DOGS II, INC.",1195180,2016-01-15,Active,Corporation,1089 LITTLE BRITAIN ROAD,NEW WINDSOR,NY,12553
"NO DOGS ALLOWED, L.L.C.",0847311,2006-01-27,Active,Domestic Limited Liability Company,"118 WEST MAIN STREET, PO BOX 191",BALTIC,CT,06330
NO NO BAD DOG LLC,0871187,2006-08-29,Active,Domestic Limited Liability Company,16 CROSS STREET,NEW CANAAN,CT,06840
"NORTHEAST DOG FENCING, LLC",0979625,2009-08-06,Active,Domestic Limited Liability Company,6 ROBINS LANE,BROOKFIELD,CT,06804
"NORTHSTAR DOG TRAINING, L.L.C.",1087684,2012-11-30,Active,Domestic Limited Liability Company,132-B PARTRICK AVE,NORWALK,CT,06851
"NORTHWESTERN CONNECTICUT DOG CLUB, INCORPORATED THE",0058166,1946-04-15,Active,Corporation,"DAWN WILKES, 123 BRYNMOOR CT.",GOSHEN,CT,06756
NOSE TO TOES DOG GROOMING LLC,0832028,2005-08-26,Active,Domestic Limited Liability Company,128 SILO ROAD,BRISTOL,CT,06010
"NUTMEG PORTUGESE WATER DOG CLUB, INC.",0286437,1993-05-26,Active,Corporation,187 SOUTH RD,FARMINGTON,CT,06032
"OBEDIENCE DOG TRAINING CLUB OF WATERBURY, INCORPORATED",0058311,1961-09-05,Active,Corporation,11 ROBINSON LN.,OXFORD,CT,06478
OH MY DOGNESS! INC.,0738258,2003-01-29,Active,Corporation,"276 TEMPLE HILL ROAD, SUITE 2708",NEW WINDSOR,NY,12550
"OLD DOGS PRODUCTIONS, INC.",0904585,2007-06-26,Active,Corporation,2400 WEST ALAMEDA AVENUE,BURBANK,CA,91521
"ONE BIG DOG ANIMAL RESPITE FUND, INC.",1194144,2015-12-23,Active,Corporation,17 VERNON COURT,WOODBRIDGE,CT,06525
ONE LUCKY DOG LLC,1017171,2010-11-04,Active,Domestic Limited Liability Company,575 HOPMEADOW STREET,SIMSBURY,CT,06070
"ONE MORE DOG RESCUE, INC.",1076055,2012-06-22,Active,Corporation,16 COLLIER ROAD,WETHERSFIELD,CT,06109
"ONE SMART DOG, LLC",0957576,2008-12-15,Active,Domestic Limited Liability Company,50 PRINDLE AVE,ANSONIA,CT,06401
"OOH LA LA A MOBILE DOG SPA, LLC",0912570,2007-09-13,Active,Domestic Limited Liability Company,285 OLD FARM DR.,NEWINGTON,CT,06111
OUR DOGS FOR YOUR DOGS,1175193,2015-04-17,Active,General Partnership,2 AVERY ST,MYSTIC,CT,06355
PAWLOR FUR DOGS LLC,0959439,2009-01-09,Active,Domestic Limited Liability Company,57 CULLODEN ROAD,STAMFORD,CT,06902
PAWLOR FUR DOGS TOO LLC,1075796,2012-06-21,Active,Domestic Limited Liability Company,4 GILFORD STREET,STAMFORD,CT,06907
PAW PRINTS DOG GROOMING LLC,1197493,2016-01-29,Active,Domestic Limited Liability Company,560 FOREST RD,WEST HAVEN,CT,06516
"PAWSOME DOG, LLC",1107489,2013-05-20,Active,Domestic Limited Liability Company,151 ROCKWELL ROAD,BETHEL,CT,06801
"PENNEY'S HOT DOGS PLUS, LLC",0573523,1997-10-08,Active,Domestic Limited Liability Company,97 BARBERRY LANE,MERIDEN,CT,06451
PET DEGREE DOG TRAINING CENTER LLC,0920293,2007-11-28,Active,Domestic Limited Liability Company,"100 CORPORATE DRIVE, B101",TRUMBULL,CT,06611
"PETE'S DOG GEAR, LLC",0861520,2006-05-31,Active,Domestic Limited Liability Company,26 WILLIAMS DRIVE,PROSPECT,CT,06712
PHAT DAWGZ MOBILE DOG GROOMING LLC,1058095,2012-01-04,Active,Domestic Limited Liability Company,90 SPRING STREET,WINDSOR LOCKS,CT,06096
PITA'S PAWS: PET SITTING AND DOG WALKING LLC,1035347,2011-04-20,Active,Domestic Limited Liability Company,130 TERRYS PLAIN RD,SIMSBURY,CT,06070
"PLANET DOG FILMS, LLC",0659608,2000-09-06,Active,Domestic Limited Liability Company,182 FRONT ST,NEW HAVEN,CT,06513
PLR DOG TRAINING LLC,1205147,2016-05-03,Active,Domestic Limited Liability Company,1026 TOLLAND STREET,EAST HARTFORD,CT,06108
PLR DOG TRANSPORT LLC,1205148,2016-05-03,Active,Domestic Limited Liability Company,1026 TOLLAND STREET,EAST HARTFORD,CT,06108
"POLICE DOGS CENTRE CONNECTICUT, LLC",1125109,2013-11-15,Active,Domestic Limited Liability Company,50 HICKORY LANE,WEST HARTFORD,CT,06107
POOCHES & PAWS FOR CATS & DOGS LLC,0919134,2007-11-19,Active,Domestic Limited Liability Company,1 DAVENPORT PLACE,WLFD,CT,06492
"PORTUGUESE WATER DOG CLUB OF AMERICA, INC.",0058873,1976-05-21,Active,Corporation,822 E ROYAL RIDGE DRIVE,ORO VALLEY,AZ,85755
"POSH SPA FUR DOGS, LLC",1030659,2011-03-04,Active,Domestic Limited Liability Company,542 WEST HILL ROAD,STAMFORD,CT,06902
PREMIER YOUR DOG FENCE COMPANY,1016890,2010-10-01,Active,Corporation,3 MAIN ST.,TERRYVILLE,CT,06786
PRETTY GOOD DOGS LLC,0816199,2005-03-30,Active,Domestic Limited Liability Company,191 AUBURN ROAD,WEST HARTFORD,CT,06119
"P.U.P. DOG SERVICES, LLP",0932504,2008-03-24,Active,Domestic Limited Liability Partnership,16 SOREL DR,SHELTON,CT,06484
"PURPLE DOG WEB PRODUCTIONS, LLC",0770110,2004-01-05,Active,Domestic Limited Liability Company,13 BEECH TREE RIDGE,KILLINGWORTH,CT,06419
RAMBLING DOG PUBLICATIONS LLC,0879442,2006-11-17,Active,Domestic Limited Liability Company,229 MILE COMMON RD,EASTON,CT,06612
"RAW DOGS, LLC",0835067,2005-09-27,Active,Domestic Limited Liability Company,78B MICHAEL RD,NEW LONDON,CT,06320
"RED DOG COMPANY, LLC",0650899,2000-05-08,Active,Domestic Limited Liability Company,195 SOUND BEACH AVENUE,OLD GREENWICH,CT,06870
"RED DOG DEVELOPMENT, INC.",0675886,2001-03-13,Active,Corporation,,,,
RED DOG ESTATES LLC,1157891,2014-10-22,Active,Domestic Limited Liability Company,242 HUBBARD STREET,GLASTONBURY,CT,06033
"RED DOG INVESTMENTS, LLC",0791055,2004-07-19,Active,Domestic Limited Liability Company,71 STONY CREEK RD.,BRANFORD,CT,06405
"RED DOG MARKETING, INC.",1021081,2010-11-18,Active,Corporation,,,,
"RED DOG REALTY, INC.",1141616,2014-04-24,Active,Corporation,18 COUNTRY CLUB DRIVE,WESTFIELD,MA,01085
"RED DOG SALOON CAFE, INC.",0174211,1985-09-17,Active,Corporation,222 MERIDEN ROAD,MIDDLEFIELD,CT,06455
"RED DOG WOOD, LLC",0655332,2000-06-27,Active,Domestic Limited Liability Company,249 SPENCER ST.,MANCHESTER,CT,06040
"REIGNING CATS N' DOGS, LLC",0948353,2008-08-27,Active,Domestic Limited Liability Company,679 WEST MAIN STREET,BRANFORD,CT,06405
"RELISH MY HOT DOG, LLC",0977565,2009-07-14,Active,Domestic Limited Liability Company,4 COLD SPRING ROAD,WEST HAVEN,CT,06516
"RESCUE DOG REALTY, LLC",1154533,2014-09-15,Active,Domestic Limited Liability Company,1190 MARION AVENUE,MARION,CT,06444
"RESCUE DOG VILLAGE GUARDIAN, INC.",1151326,2014-08-05,Active,Corporation,5 WEBSTER DRIVE 1,PRESTON,CT,06365
RICHIE'S HOT DOG'S LLC,1212712,2016-07-25,Active,Domestic Limited Liability Company,1947 BROAD ST,HARTFORD,CT,06114
"RIDGEFIELD DOG SPA, LLC",1148195,2014-07-09,Active,Domestic Limited Liability Company,"37 DANBURY RD., STE. 103",RIDGEFIELD,CT,06877
"RIVER DOG MUSIC FESTIVAL, LLC",0907309,2007-07-23,Active,Domestic Limited Liability Company,56 MIDDLESEX AVENUE,CHESTER,CT,06412
RIVER DOG PRINTS LLC,0950445,2008-09-23,Active,Domestic Limited Liability Company,50 FORGE DR,AVON,CT,06001
"ROAD DOG GYM, INC.",0510488,1995-01-18,Active,Corporation,15 OLD HARTFORD RD.,COLCHESTER,CT,06415
"SALTWATER DOG RESCUE, INC.",1112011,2013-07-03,Active,Corporation,17 HARMONY HILL ROAD,HARWINTON,CT,06791
"SALTY DOG, INC.",0603705,1998-10-01,Active,Corporation,130 SHORE DRIVE,BRANFORD,CT,06405
"SALTY DOG SALOON, LLC",0823935,2005-06-07,Active,Domestic Limited Liability Company,29 CENTER STREET,NEW HAVEN,CT,06510
"SALTY RED DOG MARKETING, LLC",1204824,2016-04-28,Active,Domestic Limited Liability Company,"188 FLAX HILL ROAD, UNIT B1",NORWALK,CT,06854
SARA GREGWARE PROFESSIONAL DOG HANDLING & TRAINING LLC,0836104,2005-10-07,Active,Domestic Limited Liability Company,46 ROCK HOUSE RD,GOSHEN,CT,06756
"SAVE ME A SPOT! DOG RESCUE, INC.",0963611,2009-02-20,Active,Corporation,57 QUARRY ROAD,GRANBY,CT,06035
"SAVVYSNOOTS DOG TRAINING, LLC",1058470,2012-01-12,Active,Domestic Limited Liability Company,"26 BELDEN AVE., #2427",NORWALK,CT,06850
SEA DOG BREWING CO.,0521306,1995-08-25,Active,Corporation,26 FRONT ST,BANGOR,ME,04401
"SEA DOG REALTY, LLC",0706654,2002-02-26,Active,Domestic Limited Liability Company,"106 MASON ISLAND ROAD, 106 MASONS ISLAND ROAD, 106 MASONS ISLAND ROAD",MYSTIC,CT,06355
"SEA WORTHY DOGS, INC.",1201855,2016-03-30,Active,Corporation,165 SHADBUSH DR.,COLCHESTER,CT,06415
"SECRET LAKE DOG TRAINING, LLC",0787019,2004-06-07,Active,Domestic Limited Liability Company,35 LAKEVIEW BLVD,AVON,CT,06001
"SHAVE AND A HAIRCUT MOBILE DOG GROOMING, LLC",0885821,2007-01-19,Active,Domestic Limited Liability Company,98 TWIN POND ROAD,THOMASTON,CT,06787
"SICK AS A DOG, INC.",0277253,1992-09-08,Active,Corporation,60 LEACH HOLLOW RD.,SHERMAN,CT,06784
SILENT DOG ENTERPRISES LLC,1044951,2011-08-03,Active,Domestic Limited Liability Company,"597 WESTPORT AVENUE, APT. B541",NORWALK,CT,06851
"SIRIUS POSITIVE DOG TRAINING, LLC",1211578,2016-07-01,Active,Domestic Limited Liability Company,22 STILL HILL ROAD,SANDY HOOK,CT,06482
"SIT & STAY DOG GROOMING, LLC",0923427,2008-01-03,Active,Domestic Limited Liability Company,1387 MIDDLETOWN AVE.,NORTHFORD,CT,06472
"SKINLESS DOGS, LLC",1066530,2012-03-26,Active,Domestic Limited Liability Company,400 HOLLISTER STREET,STRATFORD,CT,06615
"SLEEPING DOGS ASSOCIATES, LLC",0663265,2000-10-11,Active,Domestic Limited Liability Company,535 NORTH STREET,GREENWICH,CT,06830
SMART DOG LLC,0557495,1997-03-03,Active,Domestic Limited Liability Company,1310 COUNTRY CLUB RD,MIDDLETOWN,CT,06457
"SMILING DOG PET SERVICES, LLC",0968092,2009-04-08,Active,Domestic Limited Liability Company,356 CHILD ROAD,WOODSTOCK,CT,06281
"SMILING DOGS TRAINING, LLC",1048882,2011-09-20,Active,Foreign Limited Liability Company,41 STATE PLACE,HUNTINGTON,NY,11743
"SNOW DOG ENTERPRISES, LLC",0721532,2002-07-29,Active,Domestic Limited Liability Company,"2 MANSFIELD GROVE RD, #362",EAST HAVEN,CT,06512
SNOW DOGS LLC,0874865,2006-10-04,Active,Domestic Limited Liability Company,"120 GOODWIN PLACE, 120 GOODWIN PLACE",STRATFORD,CT,06615
"SOUTHERN BERKSHIRE AGILITY DOGS, INC.",0666227,2000-11-16,Active,Corporation,,,,
"SPOTTY DOG RESCUE, INC.",1082334,2012-09-04,Active,Corporation,212 LYMAN ROAD,WOLCOTT,CT,06716
"SPRUCE BROOK BIRD DOG CLUB INCORPORATED, THE",0060126,1959-03-17,Active,Corporation,215 OAK ST,WINSTED,CT,06098
"STADIUM DOG, LLC",0939168,2008-05-23,Active,Domestic Limited Liability Company,366 FARMINGTON AVENUE,NEW BRITAIN,CT,06053
STEVE'S TOP DOG LLC,0958601,2009-01-02,Active,Domestic Limited Liability Company,175 BRACE AVE,BRISTOL,CT,06010
SUGAR AND SPICE DOG GROOMING & BAKERY LLC,1161220,2014-11-18,Active,Domestic Limited Liability Company,14 MAIN STREET,COLCHESTER,CT,06415
SUSIE'S DOG GROOMING LLC,0678884,2001-04-12,Active,Domestic Limited Liability Company,"560 FOREST RD, UNIT C",WEST HAVEN,CT,
SWAMP DOG HOLLOW LLC,1146590,2014-06-19,Active,Domestic Limited Liability Company,382 BAILEYVILLE ROAD,MIDDLEFIELD,CT,06455
"TAILS R WAGGIN DOG GROOMING, LLC",0994983,2010-02-03,Active,Domestic Limited Liability Company,36 FEDERAL RD,DANBURY,CT,06810
TALKIN DOG LLC,0935487,2008-04-17,Active,Foreign Limited Liability Company,88 HILLTOP DR.,CHARLESTOWN,RI,02813
TAYLOR'S MADE HOT DOGS LLC,1149956,2014-07-23,Active,Domestic Limited Liability Company,740 N. WASHINGTON AVE.,BRIGEPORT,CT,06604
T DOG TRUMBULL CORP,1022682,2010-12-09,Active,Corporation,55 QUAIL TRAIL,TRUMBULL,CT,06611
TEAM BAD DOG LLC,0847451,2006-01-31,Active,Domestic Limited Liability Company,27 HAVILAND DRIVE,STAMFORD,CT,06903
"TEDDY'S DOG HOUSE, LLC",0914517,2007-10-03,Active,Domestic Limited Liability Company,171 RIDGEFIELD DRIVE,MIDDLETOWN,CT,06457
"TEXAS CHILI DOG, INC.",0263184,1991-07-22,Active,Corporation,19-21 ATLANTIC ST,STAMFORD,CT,06901
"THANK DOG RESCUE, INC.",1107411,2013-05-21,Active,Corporation,72 RIVERSIDE RD,SANDY HOOK,CT,06482
"THAT'S A GOOD DOG, LLC",1130783,2014-01-17,Active,Domestic Limited Liability Company,"110 BROOKWOOD ROAD, 110 BROOKWOOD DR",WESTBROOK,CT,06498
"THE BETHEL HOT DOG PALACE, LLC",0918622,2007-11-09,Active,Domestic Limited Liability Company,44 STONY HILL ROAD,BETHEL,CT,06801
THE BETTER DOG NETWORK LLC,1128087,2013-12-20,Active,Domestic Limited Liability Company,19 OLD KINGS HIGHWAY SOUTH,DARIEN,CT,06820
"THE BIRD DOG TAVERN, LLC",1202266,2016-04-05,Active,Domestic Limited Liability Company,645 SULLIVAN AVE.,SOUTH WINDSOR,CT,06074
"THE BLUE DOG COMPANY, LLC",0611138,1999-01-12,Active,Domestic Limited Liability Company,739 PROSPECT AVENUE,WEST HARTFORD,CT,06105
"THE BLUES DOG ENTERPRISES, LLC",0999330,2010-03-17,Active,Domestic Limited Liability Company,"33 FELLOWS ROAD #3, PO BOX 274",OAKDALE,CT,06370
"THE BO-BO DOG, INC.",0576659,1997-11-25,Active,Corporation,18 FEDERAL RD,DANBURY,CT,
"THE CANINE CONNECTION DOG TRAINING, LLC",0721989,2002-08-12,Active,Domestic Limited Liability Company,194 BRIDGEPORT AVENUE,MILFORD,CT,06460
"THE CHESHIRE CAT AND DOG TOO, LLC",0965015,2009-03-05,Active,Domestic Limited Liability Company,1320 WATERBURY ROAD,CHESHIRE,CT,06410
"THE COUNTRY DOG, LLC",0882253,2006-12-18,Active,Domestic Limited Liability Company,18 AUBURN STREET,NORWALK,CT,06854
THE DAPPER DOG LLC,0959284,2009-01-23,Active,Domestic Limited Liability Company,564 MAIN ST. S.,BETHLEHEM,CT,06751
THE DOG CABIN LLC,0891642,2007-03-12,Active,Domestic Limited Liability Company,150 BERLIN ST.,MIDDLETOWN,CT,06457
"THE DOG ESCAPE, INC.",0752924,2003-06-26,Active,Corporation,,,,
THE DOG HAUSS L.L.C.,1180335,2015-07-06,Active,Domestic Limited Liability Company,32 MOUNTAIN VIEW DR.,ROCKY HILL,CT,06067
"THE DOG HOUSE I, INC.",0681256,2001-05-11,Active,Corporation,120 D HALE ROAD,MANCHESTER,CT,06040
"THE DOG HOUSE - PET GROOMING, LLC",0500407,1994-02-24,Active,Domestic Limited Liability Company,"560 FOREST RD, UNIT C",WEST HAVEN,CT,06516
"THE DOG NANNIES & CO., LLC",1097218,2013-02-01,Active,Domestic Limited Liability Company,1366 HOPE STREET,STAMFORD,CT,06907
THE DOG S'PAW LLC,1094045,2013-01-10,Active,Domestic Limited Liability Company,568 B TORRINGTON ROAD,LITCHFIELD,CT,06759
"THE DOG SPOT ACADEMY, LLC",0995791,2010-02-09,Active,Domestic Limited Liability Company,37 WOODBRIDGE ROAD,GLASTONBURY,CT,06033
THE DOG WIZARD LLC,0979930,2009-08-10,Active,Domestic Limited Liability Company,53 SOUTH ST.,EAST HAVEN,CT,06512
"THE GRATEFUL DOG GROOMING SALON, LLC",1152385,2014-08-19,Active,Domestic Limited Liability Company,98 MAIN ST,SEYMOUR,CT,06483
"THE GRATEFUL DOG, LLC",0707872,2002-03-07,Active,Domestic Limited Liability Company,6 GLEN HILL ROAD,REDDING,CT,06896
THE GREAT AMERICAN HOT DOG CO. L.L.C.,0622562,1999-06-03,Active,Domestic Limited Liability Company,31 HARMONY STREET,EAST HARTFORD,CT,06108
"THE HAPPIEST DOG ON THE BLOCK, L.L.C.",0892647,2007-03-19,Active,Domestic Limited Liability Company,11 OAK DRIVE,NORTHFORD,CT,06472
"THE HAUTE DOG HOTEL, LLC",0948308,2008-08-29,Active,Domestic Limited Liability Company,217 BACON POND RD.,WOODBURY,CT,06798
THE HOT DOG SPOT LLC,0902949,2007-06-13,Active,Domestic Limited Liability Company,253 RIDGEWOOD RD,EAST HARTFORD,CT,06118
THE KNOTTY DOG LLC,1177221,2015-06-26,Active,Domestic Limited Liability Company,"362 S. MAIN ST., APT. 211",TORRINGTON,CT,06790
"THE MILITARY ORDER OF DEVIL DOGS - CONNECTICUT PACK, INC.",0577135,1997-12-01,Active,Corporation,"GEORGE F. GUTMANN JR, 2 SHARON CT",SHELTON,CT,06484
THE MODERN DOG LLC,0982000,2009-09-04,Active,Domestic Limited Liability Company,690 BOSTON POST RD,MADISON,CT,06443
"THE NATURAL DOG SALON, LLC",1144685,2014-05-27,Active,Domestic Limited Liability Company,42A MIRY BROOK RD,DANBURY,CT,06810
"THE NEW DOG GROUP, LLC",1086605,2012-10-15,Active,Domestic Limited Liability Company,166 ALBANY TURNPIKE,CANTON,CT,06019
"THE NOBLE DOG DRIVE-IN, LLC",0737907,2003-01-27,Active,Domestic Limited Liability Company,2 MARVIN PLACE,WESTPORT,CT,06880
"THE SPOTTED DOG GALLERY, LLC",0995634,2010-02-08,Active,Domestic Limited Liability Company,9 APPLEWOOD LANE,CORNWALL BRIDGE,CT,06754
THE STELLAR DOG LLC,1064468,2012-03-02,Active,Domestic Limited Liability Company,80 COUNTRY LANE #2,VERNON,CT,06066
THE TOTAL DOG NETWORK LLC,1016163,2010-09-27,Active,Domestic Limited Liability Company,157 CHEESESPRING RD,WILTON,CT,06897
"THE WELL-MANNERED DOG, INC.",0899695,2007-05-16,Active,Corporation,,,,
"THE WISE OLD DOG, LLC",1044755,2011-08-01,Active,Domestic Limited Liability Company,610 QUAKER LANE SOUTH,WEST HARTFORD,CT,06110
THIRSTY DOG BREWING COMPANY,1191302,2015-11-19,Active,Corporation,529 GRANT STREET,AKRON,OH,44311
"THOSE TWO DOGS, LLC",0918535,2007-11-09,Active,Domestic Limited Liability Company,31 APPLE LANE,REDDING,CT,06896
"THREE DOG KNIGHTS, LLC",1101896,2013-05-03,Active,Domestic Limited Liability Company,916 TOWNSEND AVE,NEW HAVEN,CT,06512
"THREE DOGS LANDSCAPING, LLC",1210742,2016-07-12,Active,Domestic Limited Liability Company,"119 FRENCH ROAD, 119 FRENCH ROAD",BOLTON,CT,06043
"THREE DOG TRADING, L.L.C.",0581845,1998-01-28,Active,Domestic Limited Liability Company,71 STONEHEDGE DR.,S. GREENWICH,CT,06831
"TIDY TAILS MOBILE DOG GROOMING, LLC",1207026,2016-05-24,Active,Domestic Limited Liability Company,33 YALE AVENUE,MIDDLEBURY,CT,06762
TLC DOG TRAINER LLC,1040801,2011-06-16,Active,Domestic Limited Liability Company,1 ALFREDSON LANE,SHERMAN,CT,06784
"TOLLGATE DOG GROOMING, LLC",0624739,1999-07-01,Active,Domestic Limited Liability Company,838 MAIN STREET,MONROE,CT,06468
"TOP DOG CANINE REHABILITATION AND FITNESS, LLC",0791269,2004-07-22,Active,Domestic Limited Liability Company,607 EAST MAIN ST.,MERIDEN,CT,06450
TOP DOG FOOD SERVICES L.L.C.,0621819,1999-05-24,Active,Domestic Limited Liability Company,351 MAIN STREET,EAST HARTFORD,CT,06118
"TOP DOG HOT DOG, LLC",1068050,2012-04-03,Active,Domestic Limited Liability Company,84 INGLESIDE DRIVE,STAMFORD,CT,06903
TOP DOG HOT DOGS LLC,0594652,1998-06-04,Active,Domestic Limited Liability Company,215 CLARK HILL ROAD,EAST HAMPTON,CT,06424
"TOP DOG INTERNATIONAL, INC.",0673809,2001-02-13,Active,Corporation,864 WHALLEY AVENUE,NEW HAVEN,CT,06515
TOP DOG LLP,1064767,2012-03-09,Active,Domestic Limited Liability Partnership,1105 RIVER RD,MYSTIC,CT,06355
TOP DOG OF CT LLC,0929943,2008-02-29,Active,Domestic Limited Liability Company,1230 WEST ST,SOUTHINGTON,CT,06489
"TOP DOG PET SERVICES, LLC",1049411,2011-09-26,Active,Domestic Limited Liability Company,93 HOMECREST DRIVE,BERLIN,CT,06037
TOP DOGS LLC,0780722,2004-04-07,Active,Domestic Limited Liability Company,23 WOPOWOG TR.,SHELTON,CT,06484
TOP DOG VENTURES LLC,0835472,2005-09-30,Active,Domestic Limited Liability Company,"C/O SHPRES KOLAJ, 24 SNIFFEN ROAD",ARMONK,NY,10504
"TOWN HOUSE FOR DOGS, LLC",0788423,2004-06-22,Active,Domestic Limited Liability Company,1040 POST RD. EAST,WESTPORT,CT,06880
"TWO DOGS, LLC",0540894,1996-07-26,Active,Domestic Limited Liability Company,471 EAST MAIN STREET,BRANFORD,CT,06405
"TWO RATS AND A DOG, LLC",1125728,2013-12-04,Active,Domestic Limited Liability Company,256 SILVER LANE,EAST HARTFORD,CT,06118
ULTIMATE DOG SPA & BOUTIQUE LLC,1022587,2010-12-06,Active,Domestic Limited Liability Company,9 ACADEMY STREET,SALISBURY,CT,06068
UNCLE O'S HOT DOGS LLC,1143087,2014-05-09,Active,Domestic Limited Liability Company,112 GREEN HILL TR,NEW HAVEN,CT,06515
"VALLEY DOG, LLC",1161361,2014-11-18,Active,Domestic Limited Liability Company,15 MILL POND DR,GRANBY,CT,06035
"VANCAR DOG COMPANY, LLC",1120874,2013-10-07,Active,Domestic Limited Liability Company,7 VANCAR ROAD,NEW MILFORD,CT,06776
VEGGIE DOGS LLC,0921043,2007-12-06,Active,Domestic Limited Liability Company,49 BARN HILL RD,MONROE,CT,06468
"VEST-A-DOG CONNECTICUT, INC.",0756965,2003-08-11,Active,Corporation,159 LYDALE PL.,MERIDEN,CT,06450
"VICTORY DOG FOOD, LLC",0898331,2007-04-27,Active,Domestic Limited Liability Company,"51 AMES HOLLOW ROAD, 51 AMES HOLLOW RD, 51 AMES HOLLOW RD",PORTLAND,CT,06480
"WAG DOG, LLC",1184569,2015-08-27,Active,Domestic Limited Liability Company,WEST CORNWALL RD.,WEST CORNWALL,CT,06796
WAG DOG WALKING & PETSITTING LLC,1201755,2016-03-28,Active,Domestic Limited Liability Company,328 WOODLAND ROAD,STORRS,CT,06268
"WAGGING TAILS DOG DAY CARE CENTER, LLC",0687699,2001-07-30,Active,Domestic Limited Liability Company,131 FRANKLIN STREET,NORWICH,CT,06360
"WAGGING WAYS DOG TRAINING, LLC",0870417,2006-08-21,Active,Domestic Limited Liability Company,553 NORTH WALNUT STREET,WATERBURY,CT,06704
WAGGIN TRAIN MOBILE DOG GROOMING LLC,0568397,1997-08-25,Active,Domestic Limited Liability Company,19 SCHOOL ST,SOMERSVILLE,CT,06072
"WALKIN DOGS, LLC",0657252,2000-07-24,Active,Domestic Limited Liability Company,69 SHADOW RIDGE RD.,STAMFORD,CT,06905
"WALLINGFORD DOG LOVERS ASSOCIATION, INC.",1119294,2013-09-17,Active,Corporation,47 CHRISTIAN ST.,WALLINGFORD,CT,06492
"WATCH DOG, INC.",0520848,1995-08-22,Active,Corporation,110 PODUNK ROAD,GUILFORD,CT,06437
"WE LET THE DOGS OUT, LLC",0727621,2002-10-01,Active,Domestic Limited Liability Company,4 SUNSET CIRCLE,GUILFORD,CT,06437
"WEST HARTFORD DOG PARK SUPPORT GROUP, INC.",1173349,2015-04-24,Active,Corporation,19 BISHOP RD,WEST HARTFORD,CT,06119
"WESTON DOG PARK, INC.",1206655,2016-05-05,Active,Corporation,,,,
"WHISKERS PET HOME DOG WALKING SERVICE, LLC",1061724,2012-02-09,Active,Domestic Limited Liability Company,315B NAVAJO LANE,STRATFORD,CT,06614
"WHITE DOG CAFE, LLC",1086733,2012-10-22,Active,Domestic Limited Liability Company,164 MAIN ST,PORTLAND,CT,06480
"WHITE DOG MARKETING SOLUTIONS, LLC",1175246,2015-05-14,Active,Domestic Limited Liability Company,17 STONEWALL LANE,MONROE,CT,06468
"WHITE DOG PROPERTY MAINTENANCE, L.L.C.",0824789,2005-06-13,Active,Domestic Limited Liability Company,12 KEN OAKS DRIVE,DANBURY,CT,06810
"WHITE DOG WOODWORKING, LLC",0855123,2006-04-03,Active,Domestic Limited Liability Company,199 WEST PEARL ROAD,TORRINGTON,CT,06790
WHO LET THE DOGS OUT L.L.C,0773568,2004-02-23,Active,Domestic Limited Liability Company,118 WALNUT GROVE RD,RIDGEFIELD,CT,06877
"WIDE WORLD DOG, LLC",1125562,2013-11-19,Active,Foreign Limited Liability Company,"2711 CENTERVILLE ROAD, SUITE 400",WILMINGTON,DE,19808
"WOBBLY DOG, INC.",0716189,2002-05-28,Active,Corporation,67 NEW LONDON TPKE.,STONINGTON,CT,06378
WORKING DOG LLC,1069861,2012-04-27,Active,Domestic Limited Liability Company,"211 POMEROY AVENUE, APT. 1217",MERIDAN,CT,06450
"YANKEE FLYERS DOG & DISC CLUB, INC.",1178915,2015-06-17,Active,Corporation,613 NORWICH ROAD,SALEM,CT,06420
YARD DOG HOME IMPROVEMENT LLC,0914105,2007-09-27,Active,Domestic Limited Liability Company,170 MALCOLM RD,WEST HAVEN,CT,06516
YARD DOG LAWNCARE LLC,0673762,2001-02-14,Active,Domestic Limited Liability Company,342 BURLINGTON AVE.,BRISTOL,CT,06010
"YELLOW DOG FILMS, LLC",0675238,2001-03-07,Active,Domestic Limited Liability Company,131 EAGLE ST.,NEW HAVEN,CT,06511
"YELLOW DOG GRILLE, LLC",0711338,2002-04-08,Active,Domestic Limited Liability Company,"33 VILLAGE GREEN DR, P.O. BOX 1629",LITCHFIELD,CT,06759
"YELLOW DOG HOLDINGS, LLC",0546509,1996-10-24,Active,Domestic Limited Liability Company,49 FARRELL ROAD,NEWTOWN,CT,06470
"YOU DIRTY DOG, INC.",0287784,1993-07-06,Active,Corporation,130 FILLOW ST # 3,NORWALK,CT,06850
"YOU DIRTY DOG OF DURHAM, LLC",0668377,2000-12-13,Active,Domestic Limited Liability Company,28-A MAIN STREET,DURHAM,CT,06422
YOU LUCKY DOG LLC,1113352,2013-07-22,Active,Domestic Limited Liability Company,"453 WASHINGTON AVE, UNIT C339",NORTH HAVEN,CT,06473
"YOUR DOG'S BEST FRIEND, LLC",0604624,1998-10-16,Active,Domestic Limited Liability Company,"68 LAKEVIEW AVENUE, UNIT #5",NEW CANAAN,CT,06840
